name	city	ip	img
Alize	Reichertville	74.68.190.30	http://lorempixel.com/640/480
Furman	Blandaborough	139.130.145.216	http://lorempixel.com/640/480
Keshawn	Beahantown	55.203.217.210	http://lorempixel.com/640/480
Dominic	West Elvisfort	103.106.173.42	http://lorempixel.com/640/480
Katheryn	New Jamarton	52.163.19.78	http://lorempixel.com/640/480
Kristian	East Reymouth	167.2.247.40	http://lorempixel.com/640/480
Cole	East Kaceyville	11.119.117.156	http://lorempixel.com/640/480
Misty	Lake Fletcher	17.126.67.240	http://lorempixel.com/640/480
Ellen	Port Vita	66.61.230.2	http://lorempixel.com/640/480
Karson	Mireyaton	182.247.194.125	http://lorempixel.com/640/480
Reginald	Jennieshire	192.108.255.128	http://lorempixel.com/640/480
Greyson	Kirlinhaven	245.141.16.42	http://lorempixel.com/640/480
Amira	Edythstad	66.119.170.136	http://lorempixel.com/640/480
Pietro	Satterfieldton	71.195.14.153	http://lorempixel.com/640/480
Rodrigo	Haagshire	14.114.175.111	http://lorempixel.com/640/480
Rene	South Cielo	203.59.14.39	http://lorempixel.com/640/480
Nick	Mertzshire	184.128.185.36	http://lorempixel.com/640/480
Ryan	East Anissa	164.114.72.147	http://lorempixel.com/640/480
Deondre	West Caterina	16.72.52.123	http://lorempixel.com/640/480
Barbara	Shieldstown	63.211.135.89	http://lorempixel.com/640/480
Quentin	Reingerhaven	77.250.18.40	http://lorempixel.com/640/480
Jessika	New Ravenmouth	12.142.126.129	http://lorempixel.com/640/480
Esta	Santaton	149.124.231.47	http://lorempixel.com/640/480
Milan	Waldoshire	142.46.178.72	http://lorempixel.com/640/480
Blaze	Tremblayville	89.196.212.190	http://lorempixel.com/640/480
Alice	Imogenestad	168.101.88.149	http://lorempixel.com/640/480
Rubie	East Cordell	98.121.240.3	http://lorempixel.com/640/480
Maia	North Colinstad	89.52.58.223	http://lorempixel.com/640/480
William	North Chester	136.223.183.153	http://lorempixel.com/640/480
Owen	North Clarissafurt	77.62.182.242	http://lorempixel.com/640/480
Tyson	East Enola	11.13.160.72	http://lorempixel.com/640/480
Astrid	Runtehaven	95.127.238.197	http://lorempixel.com/640/480
Troy	North Wilburn	118.74.106.226	http://lorempixel.com/640/480
Jalen	New Leon	203.113.88.72	http://lorempixel.com/640/480
Jaylin	West Myrticeside	252.231.85.53	http://lorempixel.com/640/480
Josefina	Port Charityville	28.220.157.158	http://lorempixel.com/640/480
Hazel	Cormierborough	31.243.78.212	http://lorempixel.com/640/480
Thalia	South Oran	243.24.151.197	http://lorempixel.com/640/480
Alicia	Kingstad	214.122.113.156	http://lorempixel.com/640/480
Gerard	Daveborough	116.185.35.150	http://lorempixel.com/640/480
Jamaal	North Uriahbury	86.59.31.73	http://lorempixel.com/640/480
Clare	North Kirkton	234.178.35.160	http://lorempixel.com/640/480
Emilie	Lake Gregoriaton	46.88.119.64	http://lorempixel.com/640/480
Rodger	North Verdiemouth	133.42.83.87	http://lorempixel.com/640/480
Jannie	New Zoe	129.139.139.248	http://lorempixel.com/640/480
Mohammed	Lake Murphy	201.91.84.150	http://lorempixel.com/640/480
May	East Mandy	154.174.118.134	http://lorempixel.com/640/480
Dock	West Jayde	137.99.80.33	http://lorempixel.com/640/480
Bernhard	Lennieburgh	81.145.58.43	http://lorempixel.com/640/480
Eliezer	Ellieville	244.117.27.199	http://lorempixel.com/640/480
Jewell	Homenickfurt	152.86.92.196	http://lorempixel.com/640/480
Tamia	Shaunside	194.116.225.244	http://lorempixel.com/640/480
Golda	East Rocky	185.40.112.33	http://lorempixel.com/640/480
Carley	East Sheafurt	160.114.202.86	http://lorempixel.com/640/480
Shyanne	Merlinmouth	115.221.67.29	http://lorempixel.com/640/480
Wilber	East Maratown	136.214.207.115	http://lorempixel.com/640/480
Maxwell	West Melvinshire	178.140.176.206	http://lorempixel.com/640/480
Kayli	West Columbus	210.183.188.85	http://lorempixel.com/640/480
Blair	Grimesville	146.224.72.170	http://lorempixel.com/640/480
Caroline	North Jaimeland	176.6.69.14	http://lorempixel.com/640/480
Clyde	Pollichburgh	16.215.86.200	http://lorempixel.com/640/480
Keyshawn	Cummeratafurt	79.213.171.10	http://lorempixel.com/640/480
Silas	Schummberg	34.39.178.163	http://lorempixel.com/640/480
Margaretta	Port Esperanza	220.174.37.48	http://lorempixel.com/640/480
Kay	West Avis	235.180.242.61	http://lorempixel.com/640/480
Shanna	East Jaleelchester	45.170.181.154	http://lorempixel.com/640/480
Brisa	Orntown	40.128.194.7	http://lorempixel.com/640/480
Karlee	West Glennie	50.96.104.218	http://lorempixel.com/640/480
Urban	East Cloydtown	127.138.235.196	http://lorempixel.com/640/480
Kristin	Grimesville	103.236.185.163	http://lorempixel.com/640/480
Jewel	New Abdul	42.189.193.121	http://lorempixel.com/640/480
Isabell	New Williefurt	216.21.107.76	http://lorempixel.com/640/480
Lavina	Julietmouth	46.1.46.239	http://lorempixel.com/640/480
Thaddeus	Narcisostad	199.229.10.250	http://lorempixel.com/640/480
Theodore	Rigobertotown	245.236.215.192	http://lorempixel.com/640/480
Hermina	New Martyfurt	67.97.192.23	http://lorempixel.com/640/480
Stacey	South Brittanyland	185.52.69.31	http://lorempixel.com/640/480
Earline	Alannahaven	236.243.168.10	http://lorempixel.com/640/480
Elroy	Lucioberg	45.197.3.129	http://lorempixel.com/640/480
Roosevelt	East Samara	50.240.156.48	http://lorempixel.com/640/480
Davon	Trentonton	154.180.200.189	http://lorempixel.com/640/480
Keenan	New Roma	194.71.122.236	http://lorempixel.com/640/480
Marguerite	O'Reillyville	149.120.62.115	http://lorempixel.com/640/480
Jeramie	Port Francisco	199.148.84.12	http://lorempixel.com/640/480
Savion	West Sabrynaborough	121.124.11.176	http://lorempixel.com/640/480
Ericka	Port Devinfort	190.237.160.229	http://lorempixel.com/640/480
Demario	Lake Berta	222.54.1.192	http://lorempixel.com/640/480
Archibald	East Anastasiaview	177.127.172.116	http://lorempixel.com/640/480
Harley	Idaton	34.56.47.224	http://lorempixel.com/640/480
Kristian	South Javontebury	238.227.40.228	http://lorempixel.com/640/480
Keaton	Olivermouth	237.46.180.72	http://lorempixel.com/640/480
Keyshawn	Presleyland	35.11.96.177	http://lorempixel.com/640/480
Serenity	Jackyfurt	79.182.116.203	http://lorempixel.com/640/480
Noemie	Kesslerview	36.103.3.12	http://lorempixel.com/640/480
Reagan	Aliciafort	115.171.149.159	http://lorempixel.com/640/480
Robb	North Mauricioview	134.86.23.238	http://lorempixel.com/640/480
Sunny	Janestad	88.170.155.91	http://lorempixel.com/640/480
Shanna	Ryleyshire	66.110.39.48	http://lorempixel.com/640/480
Luisa	Tysonstad	99.107.160.182	http://lorempixel.com/640/480
Gina	Destinichester	33.233.45.175	http://lorempixel.com/640/480
